1)	
SQL> select rollno from student where sex = 'female' and name like '%o%';

ROLLN
-----
1018
10736
11055
11262
11419
11510
11682
1220
12326
12666
12979
13290
13352
13403
13408
13753
13826
14214
15030
15070
15144
15430
16075
16311
17128
17192
17207
17424
18108
18367
18469
18636
18809
19203
19603
19766
21009
21101
21225
21337
21766
22618
23457
23934
25940
2629
26730
27430
27528
27727
28019
28361
28977
2967
29863
29920
31080
31476
32056
33206
33759
33882
34055
34386
35
35198
35357
36263
37219
37430
37715
37809
38555
38691
39115
39238
39552
39892
40044
4015
40276
40303
40457
40677
40682
42019
43130
43226
44271
44304
4508
45570
45720
463
46436
4682
47677
48589
49073
49280
50658
50719
50966
51579
51768
51862
51955
52371
53485
53699

110 rows selected.

2) SQL> select count(*) from professor where name like '%a' and startyear>2000;


  COUNT(*)
----------
         0

3) 
SQL> select name from department where deptid>=10 and phone like '%55%';

NAME
--------------------
Finance
Geology
Athletics


4)SQL> select p.name,p.startyear from professor p inner join department on p.deptno = department.deptid where p.startyear=1984;

NAME                  STARTYEAR
-------------------- ----------
GIRIDHAR                   1984


5)	SQL> select count(grade),year from enrollment where grade='A' group by year;

COUNT(GRADE)       YEAR
------------ ----------
          46       2005
          28       2001
          64       2003
          29       2004
          50       2002

6) SQL> select courseid,count(prereqcourse) from prerequisite group by co
urseid;

COURSEID COUNT(PREREQCOURSE)
-------- -------------------
169                        1
209                        1
236                        1
254                        1
292                        1
324                        2
353                        2
443                        1
631                        1
792                        1
795                        1
802                        1
972                        1
158                        1
258                        1
338                        2
359                        2
458                        1
591                        1
656                        2
663                        1
692                        3
747                        2
780                        1
793                        1
810                        1
830                        1
902                        1
272                        1
392                        1
612                        1
805                        1
991                        1
224                        1
313                        1
399                        1
486                        1
496                        3
558                        1
603                        1
608                        2
628                        1
804                        1
998                        1
241                        1
242                        2
349                        1
362                        2
582                        1
664                        2
696                        1
774                        2
820                        1
877                        1
276                        1
376                        1
403                        2
411                        1
704                        1
841                        1
843                        1
947                        1
958                        3
239                        1
545                        2
559                        1
586                        1
618                        1
852                        2
875                        1
457                        1
544                        2
629                        1
647                        1
694                        1
760                        1
864                        1

77 rows selected.

7)  
SQL> select count(courseid) from teaching where classroom like '%R1%'
group by sem;

COUNT(COURSEID)
---------------
              5
              7
